dataset,pid,zmin,zmax,ymin,ymax,xmin,xmax,nodule_id,center_x,center_y,center_z,diameter,probability
LNDB,75.0,246.0,252.0,134.0,137.0,197.0,203.0,0,200.0,135.5,249.0,7.0,
LNDB,88.0,22.0,26.0,217.0,223.0,84.0,90.0,1,87.0,220.0,24.0,7.0,
LNDB,20.0,187.0,194.0,24.0,35.0,75.0,87.0,2,81.0,29.5,190.5,13.0,
LNDB,77.0,88.0,91.0,1.0,7.0,59.0,65.0,3,62.0,4.0,89.5,7.0,
LNDB,95.0,209.0,213.0,48.0,54.0,80.0,86.0,4,83.0,51.0,211.0,7.0,
LNDB,52.0,141.0,148.0,193.0,196.0,89.0,95.0,5,92.0,194.5,144.5,8.0,
LNDB,63.0,179.0,184.0,159.0,169.0,70.0,82.0,6,76.0,164.0,181.5,13.0,
LNDB,148.0,64.0,70.0,29.0,38.0,25.0,33.0,7,29.0,33.5,67.0,10.0,
LNDB,58.0,49.0,54.0,122.0,131.0,260.0,267.0,8,263.5,126.5,51.5,10.0,
LNDB,90.0,172.0,193.0,117.0,141.0,196.0,226.0,9,211.0,129.0,182.5,31.0,
LNDB,90.0,17.0,24.0,106.0,114.0,0.0,7.0,10,3.5,110.0,20.5,9.0,
LNDB,74.0,27.0,34.0,87.0,91.0,243.0,250.0,11,246.5,89.0,30.5,8.0,
LNDB,167.0,164.0,168.0,63.0,70.0,217.0,221.0,12,219.0,66.5,166.0,8.0,
LNDB,15.0,78.0,80.0,138.0,147.0,18.0,26.0,13,22.0,142.5,79.0,10.0,
LNDB,15.0,160.0,163.0,126.0,132.0,260.0,265.0,14,262.5,129.0,161.5,7.0,
LNDB,2.0,43.0,51.0,100.0,112.0,1.0,13.0,15,7.0,106.0,47.0,13.0,
LNDB,124.0,46.0,53.0,73.0,80.0,243.0,248.0,16,245.5,76.5,49.5,8.0,
LNDB,6.0,243.0,246.0,141.0,145.0,90.0,95.0,17,92.5,143.0,244.5,6.0,
LNDB,8.0,238.0,241.0,118.0,124.0,192.0,197.0,18,194.5,121.0,239.5,7.0,
LNDB,4.0,36.0,41.0,153.0,162.0,46.0,56.0,19,51.0,157.5,38.5,11.0,
LNDB,4.0,35.0,43.0,153.0,164.0,45.0,55.0,20,50.0,158.5,39.0,12.0,
LNDB,174.0,267.0,273.0,103.0,118.0,215.0,226.0,21,220.5,110.5,270.0,16.0,
LNDB,35.0,200.0,209.0,76.0,82.0,221.0,230.0,22,225.5,79.0,204.5,10.0,
LNDB,176.0,261.0,265.0,139.0,143.0,84.0,88.0,23,86.0,141.0,263.0,5.0,
LNDB,73.0,129.0,142.0,85.0,97.0,196.0,218.0,24,207.0,91.0,135.5,23.0,
LNDB,42.0,58.0,67.0,164.0,175.0,238.0,246.0,25,242.0,169.5,62.5,12.0,
LUNA16,131.0,144.0,150.0,133.0,138.0,47.0,52.0,0,49.5,135.5,147.0,7.0,
LUNA16,177.0,30.0,39.0,84.0,92.0,275.0,282.0,1,278.5,88.0,34.5,10.0,
LUNA16,457.0,136.0,154.0,67.0,86.0,110.0,129.0,2,119.5,76.5,145.0,20.0,
LUNA16,789.0,181.0,187.0,93.0,99.0,227.0,233.0,3,230.0,96.0,184.0,7.0,
LUNA16,855.0,98.0,117.0,147.0,166.0,177.0,196.0,4,186.5,156.5,107.5,20.0,
LUNA25,1874.0,92.0,101.0,19.0,28.0,49.0,58.0,0,53.5,23.5,96.5,10.0,
LUNA25,3997.0,150.0,152.0,87.0,89.0,85.0,87.0,1,86.0,88.0,151.0,3.0,
LUNA25,3997.0,156.0,161.0,85.0,89.0,83.0,86.0,2,84.5,87.0,158.5,6.0,
LUNA25,812.0,94.0,99.0,207.0,209.0,93.0,96.0,3,94.5,208.0,96.5,6.0,
LUNA25,3994.0,66.0,76.0,52.0,62.0,21.0,34.0,4,27.5,57.0,71.0,14.0,
LUNA25,3994.0,287.0,289.0,66.0,68.0,73.0,75.0,5,74.0,67.0,288.0,3.0,
LUNA25,4029.0,113.0,126.0,6.0,16.0,78.0,89.0,6,83.5,11.0,119.5,14.0,
LUNA25,825.0,58.0,72.0,129.0,135.0,16.0,21.0,7,18.5,132.0,65.0,15.0,
LUNA25,3822.0,275.0,287.0,122.0,131.0,157.0,163.0,8,160.0,126.5,281.0,13.0,
LUNA25,3214.0,269.0,271.0,127.0,130.0,224.0,227.0,9,225.5,128.5,270.0,4.0,
LUNA25,3214.0,274.0,279.0,125.0,128.0,226.0,230.0,10,228.0,126.5,276.5,6.0,
LUNA25,3951.0,99.0,107.0,55.0,63.0,72.0,77.0,11,74.5,59.0,103.0,9.0,
LUNA25,3653.0,53.0,55.0,155.0,158.0,89.0,91.0,12,90.0,156.5,54.0,4.0,
LUNA25,2479.0,124.0,131.0,25.0,30.0,127.0,132.0,13,129.5,27.5,127.5,8.0,
LUNA25,3427.0,252.0,257.0,106.0,109.0,64.0,68.0,14,66.0,107.5,254.5,6.0,
LUNA25,2623.0,78.0,81.0,185.0,187.0,85.0,87.0,15,86.0,186.0,79.5,4.0,
LUNA25,2186.0,160.0,201.0,109.0,124.0,121.0,137.0,16,129.0,116.5,180.5,42.0,
LUNA25,3298.0,144.0,154.0,198.0,205.0,63.0,70.0,17,66.5,201.5,149.0,11.0,
LUNA25,2903.0,261.0,273.0,125.0,132.0,227.0,235.0,18,231.0,128.5,267.0,13.0,
LUNA25,2903.0,283.0,295.0,120.0,140.0,220.0,240.0,19,230.0,130.0,289.0,21.0,
LUNA25,3411.0,62.0,88.0,42.0,60.0,283.0,301.0,20,292.0,51.0,75.0,27.0,
LUNA25,900.0,213.0,216.0,169.0,171.0,216.0,218.0,21,217.0,170.0,214.5,4.0,
LUNA25,1902.0,30.0,35.0,195.0,197.0,293.0,296.0,22,294.5,196.0,32.5,6.0,
LUNA25,1566.0,244.0,259.0,160.0,169.0,219.0,228.0,23,223.5,164.5,251.5,16.0,
LUNA25,1177.0,226.0,241.0,127.0,135.0,184.0,191.0,24,187.5,131.0,233.5,16.0,
LUNA25,2433.0,86.0,123.0,115.0,138.0,119.0,134.0,25,126.5,126.5,104.5,38.0,
LUNA25,3042.0,90.0,97.0,18.0,27.0,97.0,107.0,26,102.0,22.5,93.5,11.0,
LUNA25,1327.0,63.0,77.0,81.0,101.0,236.0,250.0,27,243.0,91.0,70.0,21.0,
LUNA25,306.0,16.0,27.0,156.0,166.0,4.0,17.0,28,10.5,161.0,21.5,14.0,
LUNA25,2807.0,188.0,199.0,53.0,61.0,90.0,96.0,29,93.0,57.0,193.5,12.0,
LUNA25,2807.0,191.0,194.0,55.0,57.0,88.0,90.0,30,89.0,56.0,192.5,4.0,
LUNA25,2931.0,149.0,151.0,221.0,223.0,90.0,92.0,31,91.0,222.0,150.0,3.0,
LUNA25,2587.0,37.0,53.0,163.0,177.0,268.0,282.0,32,275.0,170.0,45.0,17.0,
LUNA25,2587.0,58.0,65.0,167.0,171.0,276.0,279.0,33,277.5,169.0,61.5,8.0,
LUNA25,932.0,126.0,129.0,27.0,30.0,70.0,73.0,34,71.5,28.5,127.5,4.0,
LUNA25,428.0,68.0,79.0,111.0,118.0,0.0,7.0,35,3.5,114.5,73.5,12.0,
LUNA25,2070.0,50.0,63.0,10.0,15.0,128.0,139.0,36,133.5,12.5,56.5,14.0,
LUNA25,3933.0,116.0,127.0,0.0,13.0,92.0,103.0,37,97.5,6.5,121.5,14.0,
LUNA25,1483.0,84.0,91.0,192.0,196.0,219.0,222.0,38,220.5,194.0,87.5,8.0,
LUNA25,140.0,65.0,81.0,101.0,108.0,0.0,6.0,39,3.0,104.5,73.0,17.0,
LUNA25,768.0,66.0,77.0,3.0,15.0,85.0,99.0,40,92.0,9.0,71.5,15.0,
LUNA25,1466.0,194.0,197.0,46.0,48.0,95.0,97.0,41,96.0,47.0,195.5,4.0,
LUNA25,1466.0,202.0,205.0,52.0,54.0,99.0,101.0,42,100.0,53.0,203.5,4.0,
LUNA25,1466.0,204.0,207.0,51.0,53.0,101.0,103.0,43,102.0,52.0,205.5,4.0,
LUNA25,1466.0,206.0,209.0,51.0,53.0,99.0,101.0,44,100.0,52.0,207.5,4.0,
LUNA25,4027.0,260.0,262.0,59.0,61.0,91.0,93.0,45,92.0,60.0,261.0,3.0,
LUNA25,1355.0,106.0,121.0,2.0,11.0,190.0,201.0,46,195.5,6.5,113.5,16.0,
LUNA25,3889.0,31.0,43.0,123.0,138.0,2.0,19.0,47,10.5,130.5,37.0,18.0,
LUNA25,3284.0,180.0,187.0,111.0,116.0,74.0,79.0,48,76.5,113.5,183.5,8.0,
LUNA25,3284.0,191.0,194.0,106.0,108.0,72.0,75.0,49,73.5,107.0,192.5,4.0,
LUNA25,489.0,128.0,144.0,211.0,217.0,72.0,82.0,50,77.0,214.0,136.0,17.0,
LUNA25,781.0,28.0,39.0,99.0,107.0,0.0,5.0,51,2.5,103.0,33.5,12.0,
LUNA25,16.0,267.0,269.0,105.0,107.0,171.0,174.0,52,172.5,106.0,268.0,4.0,
LUNA25,3310.0,146.0,156.0,38.0,46.0,88.0,94.0,53,91.0,42.0,151.0,11.0,
LUNA25,2958.0,107.0,133.0,115.0,133.0,217.0,234.0,54,225.5,124.0,120.0,27.0,
LUNA25,1997.0,133.0,137.0,132.0,134.0,91.0,93.0,55,92.0,133.0,135.0,5.0,
LUNA25,383.0,264.0,269.0,120.0,124.0,273.0,277.0,56,275.0,122.0,266.5,6.0,
LUNA25,346.0,184.0,207.0,65.0,77.0,176.0,191.0,57,183.5,71.0,195.5,24.0,
LUNA25,948.0,228.0,233.0,95.0,101.0,173.0,177.0,58,175.0,98.0,230.5,7.0,
LUNA25,2934.0,218.0,224.0,87.0,91.0,127.0,130.0,59,128.5,89.0,221.0,7.0,
LUNA25,884.0,142.0,161.0,52.0,58.0,199.0,206.0,60,202.5,55.0,151.5,20.0,
LUNA25,1654.0,124.0,131.0,132.0,137.0,240.0,246.0,61,243.0,134.5,127.5,8.0,
LUNA25,2454.0,91.0,94.0,16.0,18.0,69.0,71.0,62,70.0,17.0,92.5,4.0,
LUNA25,2454.0,96.0,104.0,14.0,18.0,74.0,76.0,63,75.0,16.0,100.0,9.0,
LUNA25,2454.0,98.0,109.0,16.0,20.0,70.0,73.0,64,71.5,18.0,103.5,12.0,
LUNA25,42.0,40.0,53.0,90.0,102.0,1.0,13.0,65,7.0,96.0,46.5,14.0,
LUNA25,1850.0,44.0,55.0,198.0,206.0,198.0,205.0,66,201.5,202.0,49.5,12.0,
LUNA25,1850.0,72.0,83.0,212.0,219.0,233.0,243.0,67,238.0,215.5,77.5,12.0,
LUNA25,2212.0,46.0,57.0,122.0,129.0,0.0,6.0,68,3.0,125.5,51.5,12.0,
LUNA25,3343.0,58.0,66.0,119.0,131.0,249.0,260.0,69,254.5,125.0,62.0,13.0,
LUNA25,3818.0,9.0,21.0,134.0,150.0,7.0,19.0,70,13.0,142.0,15.0,17.0,
LUNA25,3915.0,5.0,28.0,129.0,140.0,35.0,47.0,71,41.0,134.5,16.5,24.0,
LUNA25,1895.0,26.0,34.0,131.0,137.0,5.0,9.0,72,7.0,134.0,30.0,9.0,
LUNA25,1895.0,36.0,42.0,133.0,137.0,3.0,8.0,73,5.5,135.0,39.0,7.0,
LUNA25,1492.0,36.0,39.0,102.0,104.0,8.0,10.0,74,9.0,103.0,37.5,4.0,
LUNA25,541.0,240.0,243.0,115.0,119.0,238.0,243.0,75,240.5,117.0,241.5,6.0,
LUNA25,541.0,244.0,247.0,117.0,121.0,241.0,244.0,76,242.5,119.0,245.5,5.0,
LUNA25,2085.0,70.0,81.0,134.0,141.0,3.0,8.0,77,5.5,137.5,75.5,12.0,
LUNA25,265.0,116.0,131.0,203.0,209.0,179.0,185.0,78,182.0,206.0,123.5,16.0,
LUNA25,784.0,44.0,53.0,136.0,142.0,3.0,7.0,79,5.0,139.0,48.5,10.0,
LUNA25,1016.0,30.0,47.0,109.0,118.0,3.0,14.0,80,8.5,113.5,38.5,18.0,
LUNA25,3246.0,272.0,283.0,136.0,146.0,203.0,214.0,81,208.5,141.0,277.5,12.0,
NLSTSeg,341.0,263.0,267.0,141.0,144.0,240.0,243.0,0,241.5,142.5,265.0,5.0,
NLSTSeg,462.0,193.0,195.0,160.0,179.0,149.0,164.0,1,156.5,169.5,194.0,20.0,
NLSTSeg,452.0,260.0,264.0,126.0,129.0,60.0,64.0,2,62.0,127.5,262.0,5.0,
NLSTSeg,452.0,261.0,265.0,128.0,131.0,63.0,69.0,3,66.0,129.5,263.0,7.0,
NLSTSeg,87.0,98.0,102.0,164.0,168.0,59.0,65.0,4,62.0,166.0,100.0,7.0,
NLSTSeg,87.0,121.0,124.0,211.0,215.0,85.0,89.0,5,87.0,213.0,122.5,5.0,
NLSTSeg,553.0,129.0,132.0,177.0,182.0,41.0,44.0,6,42.5,179.5,130.5,6.0,
NLSTSeg,494.0,84.0,87.0,198.0,200.0,80.0,86.0,7,83.0,199.0,85.5,7.0,
NLSTSeg,216.0,136.0,164.0,139.0,176.0,167.0,208.0,8,187.5,157.5,150.0,42.0,
NLSTSeg,295.0,128.0,132.0,194.0,197.0,101.0,106.0,9,103.5,195.5,130.0,6.0,
PN9,6454.0,122.0,123.0,57.0,60.0,83.0,86.0,0,84.5,58.5,122.5,4.0,
PN9,6887.0,250.0,250.0,114.0,118.0,189.0,193.0,1,191.0,116.0,250.0,5.0,
PN9,1004.0,34.0,34.0,112.0,117.0,218.0,223.0,2,220.5,114.5,34.0,6.0,
PN9,8715.0,17.0,17.0,106.0,109.0,96.0,100.0,3,98.0,107.5,17.0,5.0,
PN9,8715.0,203.0,203.0,61.0,67.0,250.0,255.0,4,252.5,64.0,203.0,7.0,
PN9,918.0,141.0,143.0,182.0,192.0,218.0,227.0,5,222.5,187.0,142.0,11.0,
PN9,918.0,239.0,239.0,194.0,199.0,224.0,231.0,6,227.5,196.5,239.0,8.0,
PN9,918.0,297.0,297.0,161.0,167.0,265.0,272.0,7,268.5,164.0,297.0,8.0,
PN9,6671.0,244.0,244.0,116.0,119.0,140.0,145.0,8,142.5,117.5,244.0,6.0,
PN9,9324.0,42.0,43.0,118.0,122.0,93.0,97.0,9,95.0,120.0,42.5,5.0,
PN9,7610.0,95.0,99.0,135.0,143.0,55.0,64.0,10,59.5,139.0,97.0,10.0,
PN9,7610.0,130.0,132.0,36.0,42.0,51.0,57.0,11,54.0,39.0,131.0,7.0,
PN9,4385.0,167.0,167.0,167.0,171.0,71.0,76.0,12,73.5,169.0,167.0,6.0,
PN9,5360.0,66.0,66.0,61.0,64.0,188.0,191.0,13,189.5,62.5,66.0,4.0,
PN9,7668.0,92.0,92.0,21.0,25.0,148.0,154.0,14,151.0,23.0,92.0,7.0,
PN9,7668.0,93.0,95.0,20.0,27.0,147.0,154.0,15,150.5,23.5,94.0,8.0,
PN9,7668.0,150.0,152.0,85.0,91.0,27.0,32.0,16,29.5,88.0,151.0,7.0,
PN9,8477.0,52.0,53.0,105.0,108.0,208.0,212.0,17,210.0,106.5,52.5,5.0,
PN9,1947.0,143.0,143.0,200.0,206.0,185.0,191.0,18,188.0,203.0,143.0,7.0,
PN9,6486.0,226.0,227.0,145.0,153.0,172.0,179.0,19,175.5,149.0,226.5,9.0,
PN9,4829.0,78.0,79.0,81.0,86.0,58.0,62.0,20,60.0,83.5,78.5,6.0,
PN9,4172.0,170.0,236.0,7.0,100.0,154.0,243.0,21,198.5,53.5,203.0,94.0,
PN9,8589.0,61.0,62.0,104.0,108.0,162.0,165.0,22,163.5,106.0,61.5,5.0,
PN9,5643.0,71.0,72.0,85.0,89.0,70.0,74.0,23,72.0,87.0,71.5,5.0,
PN9,3490.0,134.0,134.0,195.0,199.0,67.0,70.0,24,68.5,197.0,134.0,5.0,
PN9,6146.0,132.0,133.0,173.0,177.0,202.0,207.0,25,204.5,175.0,132.5,6.0,
PN9,6517.0,140.0,141.0,130.0,135.0,158.0,162.0,26,160.0,132.5,140.5,6.0,
PN9,6899.0,102.0,103.0,129.0,133.0,84.0,88.0,27,86.0,131.0,102.5,5.0,
PN9,1696.0,177.0,177.0,185.0,188.0,162.0,165.0,28,163.5,186.5,177.0,4.0,
PN9,7727.0,79.0,80.0,69.0,75.0,60.0,65.0,29,62.5,72.0,79.5,7.0,
PN9,7574.0,52.0,53.0,104.0,108.0,65.0,71.0,30,68.0,106.0,52.5,7.0,
PN9,7574.0,144.0,145.0,58.0,63.0,62.0,67.0,31,64.5,60.5,144.5,6.0,
PN9,6840.0,110.0,113.0,189.0,198.0,109.0,119.0,32,114.0,193.5,111.5,11.0,
PN9,3979.0,102.0,103.0,124.0,126.0,67.0,70.0,33,68.5,125.0,102.5,4.0,
PN9,5132.0,135.0,137.0,114.0,120.0,203.0,207.0,34,205.0,117.0,136.0,7.0,
PN9,3589.0,90.0,92.0,117.0,123.0,80.0,87.0,35,83.5,120.0,91.0,8.0,
PN9,7742.0,48.0,49.0,140.0,144.0,101.0,104.0,36,102.5,142.0,48.5,5.0,
PN9,7742.0,52.0,53.0,131.0,134.0,67.0,70.0,37,68.5,132.5,52.5,4.0,
PN9,4676.0,159.0,159.0,124.0,129.0,98.0,102.0,38,100.0,126.5,159.0,6.0,
PN9,4676.0,159.0,160.0,169.0,175.0,198.0,205.0,39,201.5,172.0,159.5,8.0,
PN9,317.0,107.0,108.0,89.0,95.0,37.0,48.0,40,42.5,92.0,107.5,12.0,
PN9,6128.0,138.0,139.0,50.0,55.0,78.0,83.0,41,80.5,52.5,138.5,6.0,
PN9,6549.0,168.0,168.0,114.0,118.0,16.0,20.0,42,18.0,116.0,168.0,5.0,
PN9,5412.0,152.0,152.0,152.0,157.0,175.0,179.0,43,177.0,154.5,152.0,6.0,
PN9,9700.0,114.0,114.0,33.0,38.0,47.0,50.0,44,48.5,35.5,114.0,6.0,
PN9,1506.0,60.0,60.0,129.0,132.0,141.0,145.0,45,143.0,130.5,60.0,5.0,
PN9,7749.0,33.0,33.0,115.0,121.0,178.0,184.0,46,181.0,118.0,33.0,7.0,
PN9,7749.0,36.0,36.0,125.0,130.0,90.0,96.0,47,93.0,127.5,36.0,7.0,
PN9,7749.0,42.0,42.0,121.0,127.0,210.0,214.0,48,212.0,124.0,42.0,7.0,
PN9,7749.0,49.0,51.0,109.0,115.0,217.0,222.0,49,219.5,112.0,50.0,7.0,
PN9,7749.0,74.0,75.0,115.0,121.0,45.0,51.0,50,48.0,118.0,74.5,7.0,
PN9,7749.0,85.0,86.0,80.0,86.0,231.0,242.0,51,236.5,83.0,85.5,12.0,
PN9,7749.0,153.0,155.0,59.0,67.0,186.0,195.0,52,190.5,63.0,154.0,10.0,
PN9,5173.0,167.0,168.0,151.0,157.0,157.0,163.0,53,160.0,154.0,167.5,7.0,
PN9,739.0,51.0,52.0,99.0,109.0,93.0,103.0,54,98.0,104.0,51.5,11.0,
PN9,1556.0,259.0,259.0,130.0,133.0,156.0,159.0,55,157.5,131.5,259.0,4.0,
PN9,999.0,88.0,88.0,67.0,72.0,41.0,44.0,56,42.5,69.5,88.0,6.0,
PN9,9441.0,42.0,42.0,145.0,149.0,126.0,131.0,57,128.5,147.0,42.0,6.0,
PN9,1463.0,155.0,156.0,147.0,154.0,75.0,81.0,58,78.0,150.5,155.5,8.0,
PN9,1250.0,130.0,131.0,175.0,181.0,76.0,82.0,59,79.0,178.0,130.5,7.0,
PN9,1250.0,148.0,148.0,182.0,187.0,206.0,211.0,60,208.5,184.5,148.0,6.0,
PN9,812.0,197.0,197.0,160.0,164.0,67.0,72.0,61,69.5,162.0,197.0,6.0,
PN9,2785.0,119.0,119.0,167.0,172.0,246.0,251.0,62,248.5,169.5,119.0,6.0,
PN9,2785.0,157.0,158.0,179.0,186.0,119.0,125.0,63,122.0,182.5,157.5,8.0,
PN9,2785.0,188.0,188.0,87.0,94.0,20.0,28.0,64,24.0,90.5,188.0,9.0,
PN9,7515.0,27.0,27.0,104.0,107.0,125.0,128.0,65,126.5,105.5,27.0,4.0,
PN9,1160.0,187.0,188.0,73.0,80.0,245.0,252.0,66,248.5,76.5,187.5,8.0,
PN9,452.0,176.0,181.0,164.0,177.0,206.0,220.0,67,213.0,170.5,178.5,15.0,
PN9,4784.0,123.0,123.0,108.0,111.0,213.0,216.0,68,214.5,109.5,123.0,4.0,
PN9,2109.0,243.0,243.0,35.0,40.0,27.0,34.0,69,30.5,37.5,243.0,8.0,
PN9,1394.0,150.0,155.0,192.0,201.0,212.0,222.0,70,217.0,196.5,152.5,11.0,
PN9,5115.0,50.0,51.0,108.0,111.0,174.0,177.0,71,175.5,109.5,50.5,4.0,
PN9,2971.0,122.0,123.0,113.0,123.0,213.0,221.0,72,217.0,118.0,122.5,11.0,
PN9,6527.0,57.0,58.0,61.0,65.0,149.0,153.0,73,151.0,63.0,57.5,5.0,
PN9,1983.0,88.0,88.0,108.0,114.0,256.0,260.0,74,258.0,111.0,88.0,7.0,
PN9,9425.0,30.0,30.0,102.0,107.0,91.0,96.0,75,93.5,104.5,30.0,6.0,
PN9,956.0,45.0,45.0,80.0,83.0,58.0,61.0,76,59.5,81.5,45.0,4.0,
PN9,2891.0,161.0,161.0,160.0,165.0,78.0,83.0,77,80.5,162.5,161.0,6.0,
PN9,3769.0,114.0,114.0,59.0,64.0,66.0,72.0,78,69.0,61.5,114.0,7.0,
PN9,4106.0,45.0,45.0,136.0,140.0,171.0,176.0,79,173.5,138.0,45.0,6.0,
PN9,5845.0,134.0,135.0,168.0,173.0,232.0,236.0,80,234.0,170.5,134.5,6.0,
PN9,927.0,84.0,84.0,108.0,112.0,20.0,24.0,81,22.0,110.0,84.0,5.0,
PN9,1150.0,96.0,96.0,122.0,126.0,220.0,224.0,82,222.0,124.0,96.0,5.0,
PN9,2506.0,74.0,75.0,90.0,96.0,167.0,172.0,83,169.5,93.0,74.5,7.0,
PN9,6982.0,163.0,163.0,51.0,54.0,45.0,49.0,84,47.0,52.5,163.0,5.0,
PN9,1746.0,125.0,125.0,167.0,172.0,63.0,67.0,85,65.0,169.5,125.0,6.0,
PN9,1746.0,127.0,127.0,169.0,173.0,63.0,67.0,86,65.0,171.0,127.0,5.0,
PN9,1605.0,84.0,85.0,101.0,111.0,58.0,66.0,87,62.0,106.0,84.5,11.0,
PN9,2603.0,224.0,224.0,115.0,118.0,34.0,37.0,88,35.5,116.5,224.0,4.0,
PN9,1356.0,98.0,98.0,103.0,107.0,234.0,239.0,89,236.5,105.0,98.0,6.0,
PN9,1356.0,99.0,99.0,102.0,106.0,234.0,237.0,90,235.5,104.0,99.0,5.0,
PN9,1356.0,104.0,104.0,128.0,133.0,226.0,231.0,91,228.5,130.5,104.0,6.0,
PN9,1356.0,110.0,112.0,127.0,132.0,243.0,248.0,92,245.5,129.5,111.0,6.0,
PN9,1356.0,113.0,114.0,126.0,131.0,243.0,248.0,93,245.5,128.5,113.5,6.0,
PN9,1356.0,122.0,122.0,125.0,129.0,256.0,261.0,94,258.5,127.0,122.0,6.0,
PN9,1356.0,124.0,127.0,169.0,176.0,219.0,226.0,95,222.5,172.5,125.5,8.0,
PN9,1356.0,130.0,132.0,54.0,58.0,183.0,186.0,96,184.5,56.0,131.0,5.0,
PN9,1356.0,135.0,142.0,145.0,153.0,112.0,120.0,97,116.0,149.0,138.5,9.0,
PN9,1356.0,138.0,138.0,120.0,123.0,232.0,234.0,98,233.0,121.5,138.0,4.0,
PN9,1356.0,139.0,139.0,121.0,124.0,233.0,235.0,99,234.0,122.5,139.0,4.0,
PN9,1356.0,147.0,147.0,154.0,158.0,62.0,67.0,100,64.5,156.0,147.0,6.0,
PN9,1356.0,147.0,149.0,160.0,164.0,65.0,70.0,101,67.5,162.0,148.0,6.0,
PN9,1356.0,148.0,149.0,154.0,159.0,63.0,67.0,102,65.0,156.5,148.5,6.0,
PN9,1356.0,157.0,162.0,139.0,146.0,73.0,80.0,103,76.5,142.5,159.5,8.0,
PN9,1356.0,170.0,172.0,126.0,131.0,44.0,48.0,104,46.0,128.5,171.0,6.0,
PN9,1356.0,173.0,174.0,129.0,136.0,37.0,44.0,105,40.5,132.5,173.5,8.0,
PN9,2120.0,245.0,245.0,172.0,176.0,53.0,57.0,106,55.0,174.0,245.0,5.0,
PN9,9412.0,146.0,146.0,184.0,191.0,208.0,215.0,107,211.5,187.5,146.0,8.0,
PN9,7699.0,202.0,205.0,16.0,26.0,39.0,50.0,108,44.5,21.0,203.5,12.0,
PN9,5947.0,134.0,135.0,162.0,167.0,76.0,81.0,109,78.5,164.5,134.5,6.0,
PN9,5080.0,121.0,121.0,157.0,162.0,207.0,213.0,110,210.0,159.5,121.0,7.0,
PN9,6816.0,55.0,56.0,120.0,124.0,81.0,85.0,111,83.0,122.0,55.5,5.0,
PN9,2002.0,292.0,292.0,169.0,175.0,111.0,117.0,112,114.0,172.0,292.0,7.0,
PN9,7139.0,46.0,57.0,117.0,135.0,159.0,176.0,113,167.5,126.0,51.5,19.0,
PN9,7139.0,47.0,47.0,114.0,117.0,189.0,193.0,114,191.0,115.5,47.0,5.0,
PN9,7139.0,51.0,52.0,122.0,127.0,180.0,185.0,115,182.5,124.5,51.5,6.0,
PN9,7139.0,64.0,67.0,74.0,82.0,99.0,107.0,116,103.0,78.0,65.5,9.0,
PN9,7139.0,70.0,71.0,137.0,140.0,99.0,103.0,117,101.0,138.5,70.5,5.0,
PN9,7139.0,71.0,72.0,126.0,130.0,47.0,50.0,118,48.5,128.0,71.5,5.0,
PN9,7139.0,71.0,71.0,120.0,124.0,60.0,64.0,119,62.0,122.0,71.0,5.0,
PN9,7139.0,73.0,73.0,174.0,176.0,85.0,87.0,120,86.0,175.0,73.0,3.0,
PN9,7139.0,75.0,76.0,148.0,151.0,153.0,156.0,121,154.5,149.5,75.5,4.0,
PN9,7139.0,76.0,79.0,175.0,179.0,200.0,204.0,122,202.0,177.0,77.5,5.0,
PN9,7139.0,83.0,83.0,170.0,174.0,67.0,71.0,123,69.0,172.0,83.0,5.0,
PN9,7139.0,83.0,85.0,80.0,85.0,220.0,224.0,124,222.0,82.5,84.0,6.0,
PN9,7139.0,84.0,84.0,169.0,172.0,70.0,74.0,125,72.0,170.5,84.0,5.0,
PN9,7139.0,87.0,87.0,76.0,81.0,57.0,62.0,126,59.5,78.5,87.0,6.0,
PN9,7139.0,91.0,91.0,124.0,129.0,244.0,247.0,127,245.5,126.5,91.0,6.0,
PN9,7139.0,92.0,93.0,54.0,58.0,80.0,84.0,128,82.0,56.0,92.5,5.0,
PN9,7139.0,94.0,94.0,124.0,129.0,55.0,58.0,129,56.5,126.5,94.0,6.0,
PN9,7139.0,99.0,99.0,129.0,134.0,131.0,136.0,130,133.5,131.5,99.0,6.0,
PN9,7139.0,99.0,99.0,99.0,103.0,185.0,189.0,131,187.0,101.0,99.0,5.0,
PN9,7139.0,101.0,101.0,174.0,178.0,115.0,119.0,132,117.0,176.0,101.0,5.0,
PN9,7139.0,103.0,104.0,169.0,174.0,98.0,102.0,133,100.0,171.5,103.5,6.0,
PN9,7139.0,103.0,104.0,182.0,187.0,171.0,175.0,134,173.0,184.5,103.5,6.0,
PN9,7139.0,105.0,107.0,65.0,72.0,221.0,226.0,135,223.5,68.5,106.0,8.0,
PN9,7139.0,106.0,107.0,134.0,139.0,116.0,120.0,136,118.0,136.5,106.5,6.0,
PN9,7139.0,111.0,111.0,164.0,169.0,74.0,79.0,137,76.5,166.5,111.0,6.0,
PN9,7139.0,111.0,111.0,148.0,152.0,57.0,62.0,138,59.5,150.0,111.0,6.0,
PN9,7139.0,111.0,113.0,182.0,186.0,169.0,173.0,139,171.0,184.0,112.0,5.0,
PN9,7139.0,113.0,114.0,175.0,181.0,218.0,224.0,140,221.0,178.0,113.5,7.0,
PN9,7139.0,115.0,115.0,114.0,119.0,40.0,45.0,141,42.5,116.5,115.0,6.0,
PN9,7139.0,117.0,119.0,161.0,165.0,232.0,235.0,142,233.5,163.0,118.0,5.0,
PN9,7139.0,126.0,127.0,149.0,153.0,122.0,127.0,143,124.5,151.0,126.5,6.0,
PN9,7139.0,127.0,129.0,185.0,190.0,191.0,196.0,144,193.5,187.5,128.0,6.0,
PN9,7139.0,131.0,132.0,111.0,116.0,69.0,73.0,145,71.0,113.5,131.5,6.0,
PN9,7139.0,131.0,132.0,102.0,107.0,71.0,76.0,146,73.5,104.5,131.5,6.0,
PN9,7139.0,133.0,135.0,132.0,139.0,247.0,252.0,147,249.5,135.5,134.0,8.0,
PN9,7139.0,134.0,135.0,87.0,93.0,38.0,43.0,148,40.5,90.0,134.5,7.0,
PN9,7139.0,134.0,135.0,60.0,65.0,77.0,82.0,149,79.5,62.5,134.5,6.0,
PN9,7139.0,134.0,134.0,75.0,80.0,80.0,85.0,150,82.5,77.5,134.0,6.0,
PN9,7139.0,135.0,137.0,160.0,166.0,230.0,235.0,151,232.5,163.0,136.0,7.0,
PN9,7139.0,139.0,140.0,181.0,185.0,200.0,204.0,152,202.0,183.0,139.5,5.0,
PN9,7139.0,142.0,144.0,127.0,132.0,38.0,43.0,153,40.5,129.5,143.0,6.0,
PN9,7139.0,144.0,146.0,188.0,193.0,191.0,198.0,154,194.5,190.5,145.0,8.0,
PN9,7139.0,155.0,156.0,107.0,114.0,45.0,51.0,155,48.0,110.5,155.5,8.0,
PN9,7139.0,155.0,155.0,142.0,146.0,246.0,252.0,156,249.0,144.0,155.0,7.0,
PN9,7139.0,155.0,157.0,166.0,171.0,212.0,216.0,157,214.0,168.5,156.0,6.0,
PN9,7139.0,155.0,156.0,106.0,112.0,255.0,261.0,158,258.0,109.0,155.5,7.0,
PN9,7139.0,157.0,158.0,174.0,179.0,67.0,72.0,159,69.5,176.5,157.5,6.0,
PN9,7139.0,166.0,167.0,91.0,96.0,26.0,31.0,160,28.5,93.5,166.5,6.0,
PN9,7139.0,169.0,171.0,35.0,41.0,67.0,73.0,161,70.0,38.0,170.0,7.0,
PN9,7139.0,174.0,175.0,124.0,128.0,28.0,33.0,162,30.5,126.0,174.5,6.0,
PN9,7139.0,178.0,179.0,26.0,31.0,66.0,70.0,163,68.0,28.5,178.5,6.0,
PN9,7139.0,190.0,191.0,111.0,116.0,21.0,27.0,164,24.0,113.5,190.5,7.0,
PN9,7139.0,193.0,197.0,141.0,152.0,239.0,249.0,165,244.0,146.5,195.0,12.0,
PN9,7139.0,193.0,196.0,80.0,85.0,262.0,268.0,166,265.0,82.5,194.5,7.0,
PN9,7139.0,201.0,202.0,14.0,20.0,84.0,91.0,167,87.5,17.0,201.5,8.0,
PN9,7139.0,202.0,204.0,164.0,169.0,64.0,70.0,168,67.0,166.5,203.0,7.0,
PN9,7139.0,207.0,208.0,91.0,95.0,266.0,269.0,169,267.5,93.0,207.5,5.0,
PN9,7139.0,216.0,217.0,97.0,104.0,267.0,272.0,170,269.5,100.5,216.5,8.0,
PN9,7139.0,218.0,218.0,96.0,101.0,265.0,269.0,171,267.0,98.5,218.0,6.0,
PN9,7139.0,230.0,230.0,151.0,155.0,30.0,33.0,172,31.5,153.0,230.0,5.0,
PN9,7139.0,234.0,234.0,146.0,151.0,257.0,261.0,173,259.0,148.5,234.0,6.0,
PN9,7139.0,238.0,238.0,166.0,170.0,107.0,110.0,174,108.5,168.0,238.0,5.0,
PN9,7139.0,240.0,240.0,175.0,179.0,61.0,66.0,175,63.5,177.0,240.0,6.0,
PN9,7139.0,240.0,241.0,119.0,124.0,48.0,53.0,176,50.5,121.5,240.5,6.0,
PN9,7139.0,243.0,244.0,102.0,107.0,263.0,267.0,177,265.0,104.5,243.5,6.0,
PN9,7139.0,244.0,245.0,132.0,137.0,112.0,116.0,178,114.0,134.5,244.5,6.0,
PN9,7139.0,248.0,250.0,134.0,140.0,48.0,55.0,179,51.5,137.0,249.0,8.0,
PN9,7139.0,250.0,250.0,146.0,151.0,27.0,33.0,180,30.0,148.5,250.0,7.0,
PN9,7139.0,259.0,260.0,140.0,145.0,97.0,103.0,181,100.0,142.5,259.5,7.0,
PN9,7139.0,260.0,261.0,168.0,172.0,94.0,97.0,182,95.5,170.0,260.5,5.0,
PN9,7139.0,268.0,269.0,151.0,156.0,253.0,258.0,183,255.5,153.5,268.5,6.0,
PN9,1722.0,223.0,223.0,111.0,114.0,292.0,296.0,184,294.0,112.5,223.0,5.0,
PN9,1516.0,29.0,31.0,98.0,104.0,78.0,84.0,185,81.0,101.0,30.0,7.0,
PN9,1516.0,35.0,35.0,99.0,103.0,96.0,101.0,186,98.5,101.0,35.0,6.0,
PN9,1516.0,72.0,72.0,128.0,133.0,90.0,95.0,187,92.5,130.5,72.0,6.0,
PN9,1516.0,180.0,180.0,134.0,140.0,212.0,216.0,188,214.0,137.0,180.0,7.0,
PN9,1516.0,210.0,211.0,147.0,152.0,23.0,28.0,189,25.5,149.5,210.5,6.0,
PN9,1538.0,147.0,147.0,123.0,126.0,190.0,194.0,190,192.0,124.5,147.0,5.0,
PN9,6491.0,46.0,46.0,75.0,79.0,220.0,224.0,191,222.0,77.0,46.0,5.0,
PN9,7595.0,239.0,240.0,178.0,182.0,54.0,58.0,192,56.0,180.0,239.5,5.0,
PN9,591.0,68.0,69.0,115.0,127.0,89.0,97.0,193,93.0,121.0,68.5,13.0,
PN9,7677.0,126.0,128.0,56.0,64.0,46.0,53.0,194,49.5,60.0,127.0,9.0,
PN9,7677.0,132.0,132.0,44.0,48.0,68.0,73.0,195,70.5,46.0,132.0,6.0,
PN9,7677.0,185.0,186.0,26.0,30.0,43.0,47.0,196,45.0,28.0,185.5,5.0,
PN9,7677.0,191.0,191.0,98.0,103.0,243.0,248.0,197,245.5,100.5,191.0,6.0,
PN9,7677.0,193.0,196.0,34.0,41.0,30.0,37.0,198,33.5,37.5,194.5,8.0,
PN9,7677.0,216.0,219.0,14.0,22.0,99.0,108.0,199,103.5,18.0,217.5,10.0,
PN9,2933.0,118.0,119.0,47.0,51.0,36.0,39.0,200,37.5,49.0,118.5,5.0,
PN9,2933.0,170.0,170.0,170.0,175.0,208.0,212.0,201,210.0,172.5,170.0,6.0,
PN9,3718.0,216.0,216.0,178.0,182.0,171.0,177.0,202,174.0,180.0,216.0,7.0,
PN9,9401.0,124.0,124.0,42.0,47.0,96.0,101.0,203,98.5,44.5,124.0,6.0,
PN9,2705.0,71.0,71.0,126.0,132.0,168.0,173.0,204,170.5,129.0,71.0,7.0,
PN9,3036.0,182.0,183.0,23.0,29.0,191.0,196.0,205,193.5,26.0,182.5,7.0,
PN9,6348.0,164.0,164.0,76.0,80.0,77.0,82.0,206,79.5,78.0,164.0,6.0,
PN9,4213.0,107.0,107.0,143.0,145.0,72.0,75.0,207,73.5,144.0,107.0,4.0,
PN9,895.0,62.0,62.0,106.0,114.0,244.0,251.0,208,247.5,110.0,62.0,9.0,
PN9,6636.0,243.0,244.0,157.0,162.0,164.0,168.0,209,166.0,159.5,243.5,6.0,
PN9,7109.0,163.0,164.0,131.0,136.0,88.0,93.0,210,90.5,133.5,163.5,6.0,
PN9,731.0,58.0,58.0,121.0,127.0,238.0,242.0,211,240.0,124.0,58.0,7.0,
PN9,7381.0,156.0,156.0,95.0,100.0,246.0,252.0,212,249.0,97.5,156.0,7.0,
PN9,7128.0,51.0,51.0,95.0,98.0,98.0,101.0,213,99.5,96.5,51.0,4.0,
PN9,7128.0,58.0,59.0,134.0,137.0,188.0,191.0,214,189.5,135.5,58.5,4.0,
PN9,7128.0,61.0,61.0,89.0,92.0,200.0,203.0,215,201.5,90.5,61.0,4.0,
PN9,7128.0,62.0,63.0,125.0,129.0,212.0,216.0,216,214.0,127.0,62.5,5.0,
PN9,2046.0,248.0,249.0,159.0,168.0,271.0,280.0,217,275.5,163.5,248.5,10.0,
PN9,3378.0,123.0,124.0,88.0,94.0,72.0,77.0,218,74.5,91.0,123.5,7.0,
PN9,7311.0,221.0,222.0,154.0,160.0,269.0,275.0,219,272.0,157.0,221.5,7.0,
PN9,8970.0,113.0,113.0,167.0,172.0,166.0,171.0,220,168.5,169.5,113.0,6.0,
PN9,7452.0,165.0,166.0,82.0,94.0,234.0,241.0,221,237.5,88.0,165.5,13.0,
PN9,2015.0,185.0,185.0,20.0,26.0,83.0,87.0,222,85.0,23.0,185.0,7.0,
PN9,2015.0,199.0,200.0,111.0,122.0,194.0,206.0,223,200.0,116.5,199.5,13.0,
PN9,3705.0,190.0,190.0,142.0,147.0,220.0,225.0,224,222.5,144.5,190.0,6.0,
PN9,1509.0,175.0,175.0,149.0,154.0,33.0,37.0,225,35.0,151.5,175.0,6.0,
PN9,1509.0,237.0,237.0,135.0,138.0,234.0,239.0,226,236.5,136.5,237.0,6.0,
PN9,512.0,252.0,252.0,44.0,49.0,225.0,229.0,227,227.0,46.5,252.0,6.0,
PN9,7129.0,100.0,101.0,166.0,171.0,80.0,85.0,228,82.5,168.5,100.5,6.0,
PN9,8696.0,42.0,42.0,98.0,102.0,52.0,57.0,229,54.5,100.0,42.0,6.0,
PN9,8696.0,85.0,86.0,63.0,68.0,213.0,217.0,230,215.0,65.5,85.5,6.0,
PN9,8696.0,86.0,86.0,124.0,127.0,191.0,194.0,231,192.5,125.5,86.0,4.0,
PN9,4597.0,68.0,68.0,133.0,137.0,186.0,191.0,232,188.5,135.0,68.0,6.0,
PN9,3745.0,256.0,256.0,135.0,140.0,211.0,216.0,233,213.5,137.5,256.0,6.0,
PN9,7289.0,96.0,96.0,101.0,105.0,222.0,226.0,234,224.0,103.0,96.0,5.0,
PN9,7241.0,131.0,132.0,121.0,126.0,125.0,131.0,235,128.0,123.5,131.5,7.0,
PN9,5989.0,166.0,168.0,122.0,129.0,100.0,107.0,236,103.5,125.5,167.0,8.0,
PN9,9890.0,42.0,42.0,96.0,101.0,117.0,122.0,237,119.5,98.5,42.0,6.0,
PN9,3739.0,169.0,169.0,78.0,83.0,223.0,227.0,238,225.0,80.5,169.0,6.0,
PN9,4022.0,97.0,102.0,171.0,181.0,76.0,87.0,239,81.5,176.0,99.5,12.0,
PN9,9225.0,44.0,44.0,107.0,112.0,91.0,95.0,240,93.0,109.5,44.0,6.0,
PN9,1164.0,32.0,32.0,123.0,128.0,171.0,178.0,241,174.5,125.5,32.0,8.0,
PN9,8759.0,170.0,171.0,174.0,180.0,97.0,102.0,242,99.5,177.0,170.5,7.0,
PN9,6896.0,222.0,223.0,96.0,99.0,118.0,120.0,243,119.0,97.5,222.5,4.0,
PN9,600.0,79.0,80.0,143.0,148.0,220.0,224.0,244,222.0,145.5,79.5,6.0,
PN9,600.0,146.0,147.0,141.0,148.0,46.0,52.0,245,49.0,144.5,146.5,8.0,
PN9,600.0,170.0,171.0,167.0,173.0,59.0,67.0,246,63.0,170.0,170.5,9.0,
PN9,600.0,206.0,206.0,171.0,174.0,44.0,48.0,247,46.0,172.5,206.0,5.0,
PN9,9469.0,58.0,58.0,153.0,156.0,233.0,236.0,248,234.5,154.5,58.0,4.0,
PN9,3697.0,109.0,111.0,106.0,112.0,189.0,197.0,249,193.0,109.0,110.0,9.0,
PN9,8609.0,196.0,196.0,188.0,191.0,211.0,215.0,250,213.0,189.5,196.0,5.0,
PN9,3554.0,126.0,126.0,103.0,106.0,31.0,35.0,251,33.0,104.5,126.0,5.0,
PN9,1147.0,210.0,211.0,142.0,149.0,42.0,48.0,252,45.0,145.5,210.5,8.0,
PN9,3735.0,179.0,180.0,105.0,112.0,200.0,207.0,253,203.5,108.5,179.5,8.0,
PN9,9237.0,159.0,159.0,151.0,155.0,220.0,225.0,254,222.5,153.0,159.0,6.0,
PN9,9313.0,205.0,205.0,22.0,26.0,124.0,129.0,255,126.5,24.0,205.0,6.0,
PN9,3514.0,35.0,37.0,111.0,115.0,54.0,58.0,256,56.0,113.0,36.0,5.0,
PN9,1043.0,220.0,220.0,151.0,155.0,189.0,192.0,257,190.5,153.0,220.0,5.0,
PN9,1043.0,220.0,220.0,149.0,155.0,159.0,167.0,258,163.0,152.0,220.0,9.0,
PN9,7543.0,136.0,138.0,26.0,32.0,63.0,69.0,259,66.0,29.0,137.0,7.0,
PN9,2069.0,133.0,133.0,117.0,122.0,208.0,212.0,260,210.0,119.5,133.0,6.0,
PN9,1379.0,86.0,86.0,143.0,148.0,70.0,75.0,261,72.5,145.5,86.0,6.0,
PN9,1379.0,179.0,180.0,170.0,176.0,80.0,85.0,262,82.5,173.0,179.5,7.0,
PN9,1379.0,184.0,185.0,167.0,174.0,96.0,103.0,263,99.5,170.5,184.5,8.0,
PN9,4406.0,135.0,135.0,198.0,204.0,73.0,80.0,264,76.5,201.0,135.0,8.0,
PN9,9875.0,35.0,35.0,120.0,124.0,189.0,193.0,265,191.0,122.0,35.0,5.0,
PN9,6581.0,198.0,199.0,159.0,164.0,229.0,236.0,266,232.5,161.5,198.5,8.0,
PN9,446.0,96.0,96.0,166.0,170.0,90.0,96.0,267,93.0,168.0,96.0,7.0,
PN9,1523.0,140.0,140.0,80.0,85.0,50.0,55.0,268,52.5,82.5,140.0,6.0,
PN9,2905.0,64.0,64.0,177.0,182.0,99.0,103.0,269,101.0,179.5,64.0,6.0,
PN9,3288.0,146.0,147.0,129.0,142.0,36.0,46.0,270,41.0,135.5,146.5,14.0,
PN9,3288.0,177.0,177.0,186.0,193.0,75.0,83.0,271,79.0,189.5,177.0,9.0,
PN9,1096.0,155.0,155.0,147.0,152.0,225.0,229.0,272,227.0,149.5,155.0,6.0,
PN9,9427.0,145.0,145.0,173.0,180.0,191.0,198.0,273,194.5,176.5,145.0,8.0,
PN9,939.0,111.0,111.0,122.0,126.0,30.0,33.0,274,31.5,124.0,111.0,5.0,
PN9,939.0,196.0,196.0,174.0,180.0,183.0,188.0,275,185.5,177.0,196.0,7.0,
PN9,8000.0,63.0,64.0,128.0,138.0,29.0,37.0,276,33.0,133.0,63.5,11.0,
PN9,7516.0,200.0,200.0,62.0,66.0,74.0,78.0,277,76.0,64.0,200.0,5.0,
PN9,2371.0,38.0,38.0,100.0,105.0,183.0,188.0,278,185.5,102.5,38.0,6.0,
PN9,8575.0,206.0,206.0,91.0,95.0,62.0,66.0,279,64.0,93.0,206.0,5.0,
PN9,8575.0,220.0,220.0,86.0,90.0,15.0,19.0,280,17.0,88.0,220.0,5.0,
PN9,8575.0,235.0,235.0,154.0,158.0,89.0,93.0,281,91.0,156.0,235.0,5.0,
PN9,2119.0,247.0,247.0,45.0,53.0,289.0,295.0,282,292.0,49.0,247.0,9.0,
PN9,6518.0,90.0,90.0,145.0,153.0,84.0,92.0,283,88.0,149.0,90.0,9.0,
PN9,3487.0,178.0,178.0,96.0,101.0,22.0,26.0,284,24.0,98.5,178.0,6.0,
PN9,8473.0,190.0,190.0,174.0,177.0,28.0,32.0,285,30.0,175.5,190.0,5.0,
PN9,611.0,65.0,66.0,50.0,57.0,205.0,213.0,286,209.0,53.5,65.5,9.0,
PN9,9946.0,47.0,47.0,73.0,82.0,132.0,141.0,287,136.5,77.5,47.0,10.0,
PN9,7597.0,127.0,130.0,58.0,63.0,20.0,25.0,288,22.5,60.5,128.5,6.0,
PN9,7597.0,140.0,144.0,78.0,93.0,20.0,33.0,289,26.5,85.5,142.0,16.0,
PN9,7597.0,147.0,149.0,112.0,121.0,26.0,36.0,290,31.0,116.5,148.0,11.0,
PN9,1476.0,150.0,151.0,97.0,102.0,180.0,184.0,291,182.0,99.5,150.5,6.0,
PN9,7131.0,32.0,84.0,27.0,91.0,159.0,218.0,292,188.5,59.0,58.0,65.0,
PN9,7557.0,231.0,234.0,105.0,113.0,130.0,138.0,293,134.0,109.0,232.5,9.0,
PN9,9421.0,178.0,178.0,17.0,22.0,134.0,139.0,294,136.5,19.5,178.0,6.0,
PN9,1548.0,181.0,181.0,130.0,134.0,204.0,208.0,295,206.0,132.0,181.0,5.0,
PN9,5646.0,200.0,200.0,160.0,164.0,223.0,227.0,296,225.0,162.0,200.0,5.0,
PN9,7567.0,107.0,108.0,123.0,126.0,230.0,233.0,297,231.5,124.5,107.5,4.0,
PN9,7486.0,55.0,56.0,71.0,76.0,92.0,97.0,298,94.5,73.5,55.5,6.0,
PN9,7486.0,152.0,153.0,153.0,156.0,169.0,172.0,299,170.5,154.5,152.5,4.0,
PN9,7486.0,155.0,155.0,28.0,31.0,54.0,58.0,300,56.0,29.5,155.0,5.0,
PN9,7486.0,167.0,167.0,55.0,58.0,56.0,60.0,301,58.0,56.5,167.0,5.0,
PN9,593.0,178.0,178.0,151.0,154.0,56.0,59.0,302,57.5,152.5,178.0,4.0,
PN9,9005.0,193.0,193.0,46.0,49.0,225.0,229.0,303,227.0,47.5,193.0,5.0,
PN9,2515.0,114.0,120.0,119.0,127.0,87.0,95.0,304,91.0,123.0,117.0,9.0,
PN9,2515.0,117.0,122.0,112.0,122.0,82.0,91.0,305,86.5,117.0,119.5,11.0,
PN9,7593.0,25.0,27.0,125.0,128.0,91.0,94.0,306,92.5,126.5,26.0,4.0,
PN9,7593.0,147.0,148.0,189.0,193.0,75.0,79.0,307,77.0,191.0,147.5,5.0,
PN9,980.0,51.0,51.0,108.0,112.0,42.0,46.0,308,44.0,110.0,51.0,5.0,
PN9,980.0,62.0,62.0,51.0,58.0,46.0,52.0,309,49.0,54.5,62.0,8.0,
PN9,1534.0,134.0,135.0,120.0,128.0,232.0,241.0,310,236.5,124.0,134.5,10.0,
PN9,1534.0,164.0,164.0,63.0,68.0,36.0,40.0,311,38.0,65.5,164.0,6.0,
PN9,1534.0,164.0,164.0,62.0,67.0,33.0,39.0,312,36.0,64.5,164.0,7.0,
PN9,608.0,166.0,167.0,151.0,159.0,44.0,53.0,313,48.5,155.0,166.5,10.0,
PN9,5939.0,70.0,72.0,160.0,163.0,234.0,237.0,314,235.5,161.5,71.0,4.0,
PN9,1072.0,128.0,128.0,92.0,96.0,40.0,43.0,315,41.5,94.0,128.0,5.0,
PN9,2436.0,209.0,210.0,166.0,176.0,62.0,70.0,316,66.0,171.0,209.5,11.0,
PN9,362.0,96.0,96.0,47.0,51.0,71.0,74.0,317,72.5,49.0,96.0,5.0,
PN9,7549.0,98.0,98.0,110.0,114.0,225.0,230.0,318,227.5,112.0,98.0,6.0,
PN9,3801.0,94.0,94.0,109.0,115.0,100.0,106.0,319,103.0,112.0,94.0,7.0,
PN9,2594.0,50.0,50.0,148.0,152.0,235.0,240.0,320,237.5,150.0,50.0,6.0,
PN9,820.0,93.0,93.0,87.0,94.0,17.0,25.0,321,21.0,90.5,93.0,9.0,
PN9,677.0,34.0,34.0,110.0,114.0,100.0,104.0,322,102.0,112.0,34.0,5.0,
PN9,6426.0,179.0,180.0,46.0,50.0,85.0,90.0,323,87.5,48.0,179.5,6.0,
PN9,6978.0,114.0,114.0,133.0,139.0,50.0,56.0,324,53.0,136.0,114.0,7.0,
PN9,2984.0,152.0,152.0,187.0,190.0,177.0,181.0,325,179.0,188.5,152.0,5.0,
PN9,7447.0,186.0,191.0,92.0,107.0,15.0,28.0,326,21.5,99.5,188.5,16.0,
PN9,7564.0,225.0,231.0,64.0,72.0,8.0,17.0,327,12.5,68.0,228.0,10.0,
PN9,7408.0,225.0,230.0,128.0,145.0,92.0,105.0,328,98.5,136.5,227.5,18.0,
PN9,7602.0,156.0,157.0,86.0,91.0,16.0,23.0,329,19.5,88.5,156.5,8.0,
PN9,3484.0,52.0,52.0,131.0,140.0,130.0,139.0,330,134.5,135.5,52.0,10.0,
PN9,3484.0,53.0,54.0,128.0,138.0,127.0,138.0,331,132.5,133.0,53.5,12.0,
PN9,1076.0,109.0,109.0,101.0,105.0,43.0,46.0,332,44.5,103.0,109.0,5.0,
PN9,8509.0,258.0,258.0,190.0,194.0,82.0,85.0,333,83.5,192.0,258.0,5.0,
PN9,8824.0,72.0,73.0,147.0,153.0,216.0,221.0,334,218.5,150.0,72.5,7.0,
PN9,1079.0,287.0,287.0,156.0,161.0,63.0,67.0,335,65.0,158.5,287.0,6.0,
PN9,8634.0,85.0,85.0,115.0,118.0,242.0,245.0,336,243.5,116.5,85.0,4.0,
PN9,6655.0,169.0,170.0,18.0,23.0,61.0,64.0,337,62.5,20.5,169.5,6.0,
PN9,32.0,68.0,70.0,89.0,97.0,60.0,66.0,338,63.0,93.0,69.0,9.0,
PN9,1122.0,268.0,268.0,203.0,213.0,209.0,220.0,339,214.5,208.0,268.0,12.0,
PN9,7608.0,107.0,110.0,124.0,134.0,42.0,55.0,340,48.5,129.0,108.5,14.0,
PN9,7608.0,122.0,124.0,37.0,44.0,74.0,82.0,341,78.0,40.5,123.0,9.0,
PN9,7608.0,124.0,127.0,114.0,121.0,198.0,205.0,342,201.5,117.5,125.5,8.0,
PN9,1688.0,44.0,44.0,157.0,161.0,233.0,235.0,343,234.0,159.0,44.0,5.0,
PN9,2597.0,30.0,31.0,89.0,92.0,85.0,89.0,344,87.0,90.5,30.5,5.0,
PN9,6355.0,179.0,181.0,92.0,96.0,185.0,189.0,345,187.0,94.0,180.0,5.0,
PN9,6882.0,165.0,166.0,152.0,156.0,190.0,194.0,346,192.0,154.0,165.5,5.0,
PN9,7621.0,127.0,129.0,88.0,90.0,39.0,42.0,347,40.5,89.0,128.0,4.0,
PN9,3144.0,96.0,96.0,52.0,55.0,67.0,70.0,348,68.5,53.5,96.0,4.0,
PN9,7018.0,143.0,143.0,155.0,163.0,180.0,187.0,349,183.5,159.0,143.0,9.0,
PN9,922.0,85.0,85.0,76.0,81.0,222.0,226.0,350,224.0,78.5,85.0,6.0,
PN9,8578.0,164.0,165.0,175.0,183.0,64.0,73.0,351,68.5,179.0,164.5,10.0,
PN9,8578.0,194.0,197.0,171.0,180.0,41.0,50.0,352,45.5,175.5,195.5,10.0,
PN9,3580.0,41.0,41.0,98.0,101.0,38.0,41.0,353,39.5,99.5,41.0,4.0,
PN9,6345.0,100.0,101.0,107.0,116.0,202.0,213.0,354,207.5,111.5,100.5,12.0,
PN9,7553.0,181.0,182.0,79.0,81.0,262.0,264.0,355,263.0,80.0,181.5,3.0,
PN9,728.0,100.0,100.0,165.0,170.0,179.0,185.0,356,182.0,167.5,100.0,7.0,
PN9,728.0,100.0,100.0,148.0,154.0,207.0,213.0,357,210.0,151.0,100.0,7.0,
PN9,728.0,100.0,100.0,147.0,151.0,206.0,210.0,358,208.0,149.0,100.0,5.0,
PN9,2122.0,73.0,73.0,151.0,158.0,214.0,220.0,359,217.0,154.5,73.0,8.0,
PN9,2512.0,176.0,177.0,131.0,139.0,166.0,174.0,360,170.0,135.0,176.5,9.0,
PN9,1815.0,54.0,54.0,154.0,158.0,71.0,74.0,361,72.5,156.0,54.0,5.0,
PN9,8736.0,196.0,197.0,31.0,38.0,232.0,240.0,362,236.0,34.5,196.5,9.0,
PN9,2701.0,117.0,117.0,142.0,145.0,59.0,62.0,363,60.5,143.5,117.0,4.0,
PN9,3300.0,154.0,156.0,146.0,152.0,201.0,207.0,364,204.0,149.0,155.0,7.0,
PN9,3818.0,183.0,183.0,184.0,189.0,71.0,77.0,365,74.0,186.5,183.0,7.0,
PN9,7746.0,38.0,38.0,80.0,84.0,197.0,201.0,366,199.0,82.0,38.0,5.0,
PN9,7746.0,41.0,42.0,107.0,113.0,180.0,185.0,367,182.5,110.0,41.5,7.0,
PN9,7746.0,47.0,51.0,90.0,97.0,43.0,51.0,368,47.0,93.5,49.0,9.0,
PN9,7746.0,75.0,78.0,29.0,36.0,159.0,165.0,369,162.0,32.5,76.5,8.0,
PN9,7746.0,92.0,96.0,16.0,22.0,148.0,154.0,370,151.0,19.0,94.0,7.0,
PN9,7746.0,101.0,107.0,62.0,70.0,44.0,54.0,371,49.0,66.0,104.0,11.0,
PN9,7746.0,110.0,111.0,93.0,98.0,223.0,228.0,372,225.5,95.5,110.5,6.0,
PN9,7746.0,120.0,123.0,117.0,123.0,80.0,86.0,373,83.0,120.0,121.5,7.0,
PN9,7746.0,121.0,122.0,45.0,51.0,75.0,82.0,374,78.5,48.0,121.5,8.0,
PN9,7746.0,135.0,138.0,70.0,77.0,216.0,222.0,375,219.0,73.5,136.5,8.0,
PN9,7746.0,155.0,156.0,59.0,65.0,61.0,66.0,376,63.5,62.0,155.5,7.0,
PN9,7746.0,184.0,185.0,107.0,111.0,22.0,27.0,377,24.5,109.0,184.5,6.0,
PN9,944.0,148.0,148.0,131.0,136.0,226.0,233.0,378,229.5,133.5,148.0,8.0,
PN9,1579.0,173.0,175.0,90.0,98.0,99.0,106.0,379,102.5,94.0,174.0,9.0,
PN9,1579.0,258.0,259.0,157.0,166.0,177.0,186.0,380,181.5,161.5,258.5,10.0,
PN9,6775.0,31.0,31.0,140.0,144.0,212.0,216.0,381,214.0,142.0,31.0,5.0,
PN9,7478.0,63.0,63.0,79.0,82.0,206.0,209.0,382,207.5,80.5,63.0,4.0,
PN9,1361.0,24.0,25.0,114.0,119.0,185.0,189.0,383,187.0,116.5,24.5,6.0,
PN9,4895.0,115.0,116.0,50.0,56.0,201.0,207.0,384,204.0,53.0,115.5,7.0,
PN9,2121.0,57.0,57.0,94.0,101.0,194.0,201.0,385,197.5,97.5,57.0,8.0,
PN9,687.0,144.0,148.0,164.0,175.0,76.0,89.0,386,82.5,169.5,146.0,14.0,
PN9,1831.0,122.0,122.0,18.0,23.0,104.0,109.0,387,106.5,20.5,122.0,6.0,
PN9,7351.0,138.0,139.0,150.0,157.0,70.0,79.0,388,74.5,153.5,138.5,10.0,
PN9,7547.0,88.0,89.0,39.0,45.0,58.0,65.0,389,61.5,42.0,88.5,8.0,
PN9,7547.0,88.0,89.0,71.0,77.0,213.0,220.0,390,216.5,74.0,88.5,8.0,
PN9,7547.0,126.0,128.0,135.0,143.0,77.0,84.0,391,80.5,139.0,127.0,9.0,
PN9,7547.0,141.0,143.0,155.0,164.0,175.0,182.0,392,178.5,159.5,142.0,10.0,
PN9,6921.0,206.0,207.0,125.0,128.0,212.0,215.0,393,213.5,126.5,206.5,4.0,
PN9,1643.0,165.0,165.0,23.0,31.0,123.0,128.0,394,125.5,27.0,165.0,9.0,
PN9,3899.0,217.0,217.0,131.0,136.0,210.0,215.0,395,212.5,133.5,217.0,6.0,
PN9,249.0,91.0,91.0,66.0,71.0,52.0,55.0,396,53.5,68.5,91.0,6.0,
PN9,598.0,194.0,194.0,92.0,95.0,44.0,47.0,397,45.5,93.5,194.0,4.0,
PN9,4654.0,55.0,55.0,129.0,132.0,52.0,55.0,398,53.5,130.5,55.0,4.0,
PN9,4626.0,72.0,72.0,102.0,109.0,104.0,111.0,399,107.5,105.5,72.0,8.0,
PN9,6645.0,104.0,104.0,151.0,157.0,221.0,226.0,400,223.5,154.0,104.0,7.0,
PN9,112.0,115.0,115.0,133.0,138.0,256.0,260.0,401,258.0,135.5,115.0,6.0,
PN9,112.0,215.0,215.0,115.0,120.0,167.0,174.0,402,170.5,117.5,215.0,8.0,
PN9,1838.0,135.0,135.0,142.0,146.0,35.0,39.0,403,37.0,144.0,135.0,5.0,
PN9,7175.0,153.0,153.0,12.0,15.0,100.0,103.0,404,101.5,13.5,153.0,4.0,
PN9,2902.0,249.0,250.0,152.0,159.0,65.0,75.0,405,70.0,155.5,249.5,11.0,
PN9,8448.0,51.0,57.0,124.0,132.0,99.0,106.0,406,102.5,128.0,54.0,9.0,
PN9,6720.0,135.0,135.0,106.0,110.0,208.0,211.0,407,209.5,108.0,135.0,5.0,
PN9,6215.0,70.0,71.0,131.0,135.0,31.0,35.0,408,33.0,133.0,70.5,5.0,
PN9,1010.0,57.0,57.0,149.0,155.0,150.0,156.0,409,153.0,152.0,57.0,7.0,
PN9,8366.0,52.0,52.0,146.0,153.0,84.0,90.0,410,87.0,149.5,52.0,8.0,
PN9,8366.0,71.0,73.0,179.0,188.0,63.0,72.0,411,67.5,183.5,72.0,10.0,
PN9,8366.0,104.0,104.0,37.0,41.0,70.0,74.0,412,72.0,39.0,104.0,5.0,
PN9,8366.0,129.0,129.0,122.0,126.0,13.0,17.0,413,15.0,124.0,129.0,5.0,
PN9,8366.0,133.0,136.0,186.0,194.0,180.0,187.0,414,183.5,190.0,134.5,9.0,
PN9,8366.0,134.0,134.0,176.0,181.0,87.0,93.0,415,90.0,178.5,134.0,7.0,
PN9,8366.0,177.0,181.0,185.0,191.0,78.0,84.0,416,81.0,188.0,179.0,7.0,
PN9,8366.0,180.0,183.0,106.0,113.0,8.0,15.0,417,11.5,109.5,181.5,8.0,
PN9,8366.0,194.0,197.0,185.0,190.0,47.0,54.0,418,50.5,187.5,195.5,8.0,
PN9,1529.0,218.0,218.0,152.0,156.0,88.0,93.0,419,90.5,154.0,218.0,6.0,
PN9,3674.0,41.0,41.0,107.0,114.0,69.0,76.0,420,72.5,110.5,41.0,8.0,
PN9,3674.0,69.0,69.0,42.0,47.0,84.0,89.0,421,86.5,44.5,69.0,6.0,
PN9,3674.0,128.0,128.0,72.0,78.0,87.0,94.0,422,90.5,75.0,128.0,8.0,
PN9,3674.0,143.0,144.0,149.0,157.0,220.0,227.0,423,223.5,153.0,143.5,9.0,
PN9,3674.0,178.0,179.0,177.0,184.0,54.0,60.0,424,57.0,180.5,178.5,8.0,
PN9,2057.0,158.0,158.0,153.0,159.0,33.0,38.0,425,35.5,156.0,158.0,7.0,
PN9,2511.0,219.0,219.0,145.0,149.0,210.0,213.0,426,211.5,147.0,219.0,5.0,
PN9,4603.0,187.0,187.0,5.0,10.0,102.0,107.0,427,104.5,7.5,187.0,6.0,
PN9,894.0,18.0,18.0,139.0,143.0,120.0,124.0,428,122.0,141.0,18.0,5.0,
PN9,894.0,19.0,19.0,142.0,146.0,164.0,168.0,429,166.0,144.0,19.0,5.0,
PN9,894.0,19.0,20.0,104.0,108.0,74.0,78.0,430,76.0,106.0,19.5,5.0,
PN9,894.0,20.0,22.0,147.0,151.0,80.0,84.0,431,82.0,149.0,21.0,5.0,
PN9,894.0,20.0,20.0,104.0,106.0,195.0,198.0,432,196.5,105.0,20.0,4.0,
PN9,894.0,23.0,45.0,120.0,156.0,169.0,206.0,433,187.5,138.0,34.0,38.0,
PN9,894.0,23.0,24.0,88.0,91.0,199.0,202.0,434,200.5,89.5,23.5,4.0,
PN9,894.0,33.0,33.0,117.0,123.0,220.0,225.0,435,222.5,120.0,33.0,7.0,
PN9,894.0,34.0,34.0,117.0,121.0,221.0,226.0,436,223.5,119.0,34.0,6.0,
PN9,894.0,35.0,35.0,76.0,79.0,66.0,70.0,437,68.0,77.5,35.0,5.0,
PN9,894.0,35.0,36.0,131.0,135.0,127.0,132.0,438,129.5,133.0,35.5,6.0,
PN9,894.0,36.0,36.0,76.0,78.0,55.0,57.0,439,56.0,77.0,36.0,3.0,
PN9,894.0,37.0,37.0,109.0,113.0,229.0,232.0,440,230.5,111.0,37.0,5.0,
PN9,894.0,38.0,38.0,60.0,64.0,87.0,90.0,441,88.5,62.0,38.0,5.0,
PN9,894.0,38.0,38.0,111.0,114.0,229.0,232.0,442,230.5,112.5,38.0,4.0,
PN9,894.0,38.0,38.0,60.0,63.0,86.0,89.0,443,87.5,61.5,38.0,4.0,
PN9,894.0,39.0,40.0,114.0,118.0,109.0,113.0,444,111.0,116.0,39.5,5.0,
PN9,894.0,40.0,41.0,66.0,71.0,213.0,217.0,445,215.0,68.5,40.5,6.0,
PN9,894.0,41.0,41.0,152.0,155.0,224.0,227.0,446,225.5,153.5,41.0,4.0,
PN9,894.0,44.0,44.0,111.0,114.0,232.0,234.0,447,233.0,112.5,44.0,4.0,
PN9,894.0,45.0,45.0,175.0,178.0,92.0,95.0,448,93.5,176.5,45.0,4.0,
PN9,894.0,45.0,47.0,169.0,175.0,68.0,71.0,449,69.5,172.0,46.0,7.0,
PN9,894.0,47.0,47.0,66.0,70.0,144.0,148.0,450,146.0,68.0,47.0,5.0,
PN9,894.0,47.0,48.0,166.0,170.0,209.0,213.0,451,211.0,168.0,47.5,5.0,
PN9,894.0,48.0,48.0,143.0,146.0,35.0,37.0,452,36.0,144.5,48.0,4.0,
PN9,894.0,48.0,49.0,67.0,71.0,145.0,149.0,453,147.0,69.0,48.5,5.0,
PN9,894.0,52.0,52.0,76.0,81.0,37.0,40.0,454,38.5,78.5,52.0,6.0,
PN9,894.0,53.0,55.0,47.0,52.0,135.0,140.0,455,137.5,49.5,54.0,6.0,
PN9,894.0,56.0,57.0,105.0,110.0,241.0,245.0,456,243.0,107.5,56.5,6.0,
PN9,894.0,57.0,57.0,135.0,139.0,240.0,246.0,457,243.0,137.0,57.0,7.0,
PN9,894.0,57.0,57.0,160.0,163.0,43.0,46.0,458,44.5,161.5,57.0,4.0,
PN9,894.0,57.0,59.0,62.0,68.0,193.0,198.0,459,195.5,65.0,58.0,7.0,
PN9,894.0,58.0,58.0,161.0,164.0,44.0,47.0,460,45.5,162.5,58.0,4.0,
PN9,894.0,58.0,59.0,103.0,116.0,56.0,66.0,461,61.0,109.5,58.5,14.0,
PN9,894.0,59.0,66.0,101.0,117.0,57.0,71.0,462,64.0,109.0,62.5,17.0,
PN9,894.0,59.0,59.0,45.0,48.0,68.0,71.0,463,69.5,46.5,59.0,4.0,
PN9,894.0,60.0,61.0,137.0,142.0,109.0,114.0,464,111.5,139.5,60.5,6.0,
PN9,894.0,60.0,61.0,50.0,55.0,119.0,124.0,465,121.5,52.5,60.5,6.0,
PN9,894.0,61.0,61.0,160.0,165.0,160.0,165.0,466,162.5,162.5,61.0,6.0,
PN9,894.0,61.0,61.0,51.0,55.0,219.0,224.0,467,221.5,53.0,61.0,6.0,
PN9,894.0,61.0,63.0,140.0,147.0,122.0,127.0,468,124.5,143.5,62.0,8.0,
PN9,894.0,61.0,62.0,64.0,70.0,223.0,229.0,469,226.0,67.0,61.5,7.0,
PN9,894.0,61.0,62.0,132.0,137.0,242.0,248.0,470,245.0,134.5,61.5,7.0,
PN9,894.0,62.0,62.0,104.0,110.0,22.0,26.0,471,24.0,107.0,62.0,7.0,
PN9,894.0,62.0,64.0,40.0,46.0,205.0,210.0,472,207.5,43.0,63.0,7.0,
PN9,894.0,62.0,62.0,154.0,158.0,228.0,232.0,473,230.0,156.0,62.0,5.0,
PN9,894.0,64.0,66.0,96.0,101.0,245.0,252.0,474,248.5,98.5,65.0,8.0,
PN9,894.0,68.0,84.0,100.0,127.0,47.0,72.0,475,59.5,113.5,76.0,28.0,
PN9,894.0,71.0,71.0,35.0,40.0,209.0,212.0,476,210.5,37.5,71.0,6.0,
PN9,894.0,72.0,72.0,37.0,41.0,210.0,213.0,477,211.5,39.0,72.0,5.0,
PN9,894.0,76.0,76.0,142.0,147.0,48.0,52.0,478,50.0,144.5,76.0,6.0,
PN9,894.0,78.0,79.0,36.0,48.0,211.0,222.0,479,216.5,42.0,78.5,13.0,
PN9,894.0,78.0,78.0,112.0,117.0,224.0,228.0,480,226.0,114.5,78.0,6.0,
PN9,894.0,78.0,78.0,113.0,117.0,225.0,229.0,481,227.0,115.0,78.0,5.0,
PN9,894.0,79.0,82.0,122.0,129.0,248.0,254.0,482,251.0,125.5,80.5,8.0,
PN9,894.0,80.0,80.0,66.0,71.0,230.0,235.0,483,232.5,68.5,80.0,6.0,
PN9,894.0,82.0,83.0,85.0,89.0,16.0,20.0,484,18.0,87.0,82.5,5.0,
PN9,894.0,82.0,85.0,164.0,168.0,116.0,121.0,485,118.5,166.0,83.5,6.0,
PN9,894.0,83.0,85.0,50.0,58.0,66.0,74.0,486,70.0,54.0,84.0,9.0,
PN9,894.0,85.0,85.0,46.0,51.0,166.0,170.0,487,168.0,48.5,85.0,6.0,
PN9,894.0,86.0,88.0,35.0,42.0,114.0,122.0,488,118.0,38.5,87.0,9.0,
PN9,894.0,86.0,87.0,60.0,66.0,208.0,215.0,489,211.5,63.0,86.5,8.0,
PN9,894.0,87.0,87.0,126.0,131.0,27.0,32.0,490,29.5,128.5,87.0,6.0,
PN9,894.0,87.0,87.0,124.0,130.0,25.0,30.0,491,27.5,127.0,87.0,7.0,
PN9,894.0,88.0,89.0,158.0,163.0,30.0,34.0,492,32.0,160.5,88.5,6.0,
PN9,894.0,89.0,89.0,174.0,178.0,45.0,48.0,493,46.5,176.0,89.0,5.0,
PN9,894.0,89.0,90.0,66.0,73.0,190.0,196.0,494,193.0,69.5,89.5,8.0,
PN9,894.0,91.0,92.0,125.0,129.0,223.0,227.0,495,225.0,127.0,91.5,5.0,
PN9,894.0,92.0,93.0,106.0,110.0,222.0,226.0,496,224.0,108.0,92.5,5.0,
PN9,894.0,92.0,94.0,112.0,116.0,15.0,18.0,497,16.5,114.0,93.0,5.0,
PN9,894.0,92.0,94.0,104.0,108.0,223.0,227.0,498,225.0,106.0,93.0,5.0,
PN9,894.0,93.0,94.0,127.0,132.0,225.0,229.0,499,227.0,129.5,93.5,6.0,
PN9,894.0,94.0,94.0,168.0,173.0,40.0,43.0,500,41.5,170.5,94.0,6.0,
PN9,894.0,94.0,95.0,154.0,159.0,118.0,123.0,501,120.5,156.5,94.5,6.0,
PN9,894.0,103.0,103.0,75.0,79.0,248.0,252.0,502,250.0,77.0,103.0,5.0,
PN9,894.0,104.0,106.0,46.0,51.0,186.0,192.0,503,189.0,48.5,105.0,7.0,
PN9,894.0,106.0,106.0,150.0,155.0,119.0,124.0,504,121.5,152.5,106.0,6.0,
PN9,894.0,106.0,106.0,151.0,155.0,194.0,198.0,505,196.0,153.0,106.0,5.0,
PN9,894.0,106.0,108.0,178.0,185.0,215.0,222.0,506,218.5,181.5,107.0,8.0,
PN9,894.0,106.0,107.0,135.0,141.0,215.0,219.0,507,217.0,138.0,106.5,7.0,
PN9,894.0,106.0,107.0,158.0,163.0,240.0,246.0,508,243.0,160.5,106.5,7.0,
PN9,894.0,107.0,108.0,22.0,27.0,61.0,66.0,509,63.5,24.5,107.5,6.0,
PN9,894.0,107.0,108.0,26.0,32.0,113.0,119.0,510,116.0,29.0,107.5,7.0,
PN9,894.0,108.0,109.0,142.0,149.0,20.0,25.0,511,22.5,145.5,108.5,8.0,
PN9,894.0,108.0,109.0,15.0,21.0,195.0,201.0,512,198.0,18.0,108.5,7.0,
PN9,894.0,110.0,110.0,135.0,145.0,243.0,251.0,513,247.0,140.0,110.0,11.0,
PN9,894.0,110.0,111.0,104.0,109.0,261.0,265.0,514,263.0,106.5,110.5,6.0,
PN9,894.0,113.0,120.0,154.0,172.0,197.0,212.0,515,204.5,163.0,116.5,19.0,
PN9,894.0,114.0,115.0,61.0,65.0,27.0,32.0,516,29.5,63.0,114.5,6.0,
PN9,894.0,115.0,117.0,71.0,83.0,239.0,245.0,517,242.0,77.0,116.0,13.0,
PN9,894.0,115.0,117.0,188.0,193.0,69.0,74.0,518,71.5,190.5,116.0,6.0,
PN9,894.0,115.0,117.0,146.0,151.0,217.0,222.0,519,219.5,148.5,116.0,6.0,
PN9,894.0,116.0,116.0,62.0,68.0,27.0,33.0,520,30.0,65.0,116.0,7.0,
PN9,894.0,116.0,117.0,121.0,126.0,209.0,216.0,521,212.5,123.5,116.5,8.0,
PN9,894.0,116.0,117.0,27.0,32.0,227.0,232.0,522,229.5,29.5,116.5,6.0,
PN9,894.0,117.0,118.0,93.0,97.0,10.0,15.0,523,12.5,95.0,117.5,6.0,
PN9,894.0,117.0,119.0,17.0,22.0,163.0,167.0,524,165.0,19.5,118.0,6.0,
PN9,894.0,119.0,120.0,26.0,32.0,52.0,59.0,525,55.5,29.0,119.5,8.0,
PN9,894.0,122.0,135.0,125.0,147.0,12.0,35.0,526,23.5,136.0,128.5,24.0,
PN9,894.0,122.0,123.0,82.0,90.0,256.0,265.0,527,260.5,86.0,122.5,10.0,
PN9,894.0,122.0,123.0,179.0,184.0,172.0,176.0,528,174.0,181.5,122.5,6.0,
PN9,894.0,124.0,125.0,40.0,45.0,28.0,33.0,529,30.5,42.5,124.5,6.0,
PN9,894.0,124.0,125.0,16.0,27.0,210.0,219.0,530,214.5,21.5,124.5,12.0,
PN9,894.0,125.0,126.0,105.0,111.0,10.0,18.0,531,14.0,108.0,125.5,9.0,
PN9,894.0,130.0,130.0,85.0,89.0,8.0,12.0,532,10.0,87.0,130.0,5.0,
PN9,894.0,131.0,131.0,84.0,90.0,9.0,13.0,533,11.0,87.0,131.0,7.0,
PN9,894.0,131.0,133.0,36.0,40.0,100.0,104.0,534,102.0,38.0,132.0,5.0,
PN9,894.0,133.0,135.0,186.0,193.0,70.0,77.0,535,73.5,189.5,134.0,8.0,
PN9,894.0,134.0,135.0,142.0,147.0,38.0,43.0,536,40.5,144.5,134.5,6.0,
PN9,894.0,137.0,139.0,170.0,175.0,186.0,191.0,537,188.5,172.5,138.0,6.0,
PN9,894.0,145.0,147.0,94.0,99.0,93.0,97.0,538,95.0,96.5,146.0,6.0,
PN9,894.0,150.0,152.0,115.0,122.0,261.0,268.0,539,264.5,118.5,151.0,8.0,
PN9,894.0,165.0,165.0,168.0,171.0,178.0,181.0,540,179.5,169.5,165.0,4.0,
PN9,894.0,165.0,166.0,147.0,152.0,253.0,257.0,541,255.0,149.5,165.5,6.0,
PN9,894.0,166.0,166.0,150.0,154.0,163.0,167.0,542,165.0,152.0,166.0,5.0,
PN9,894.0,166.0,167.0,170.0,174.0,177.0,181.0,543,179.0,172.0,166.5,5.0,
PN9,894.0,172.0,172.0,165.0,172.0,111.0,116.0,544,113.5,168.5,172.0,8.0,
PN9,894.0,187.0,188.0,154.0,158.0,167.0,171.0,545,169.0,156.0,187.5,5.0,
PN9,894.0,198.0,201.0,175.0,181.0,194.0,199.0,546,196.5,178.0,199.5,7.0,
PN9,9525.0,113.0,114.0,160.0,165.0,55.0,60.0,547,57.5,162.5,113.5,6.0,
PN9,9525.0,118.0,118.0,87.0,90.0,194.0,198.0,548,196.0,88.5,118.0,5.0,
PN9,9525.0,125.0,127.0,168.0,173.0,63.0,67.0,549,65.0,170.5,126.0,6.0,
PN9,9525.0,159.0,162.0,166.0,171.0,175.0,180.0,550,177.5,168.5,160.5,6.0,
PN9,5659.0,122.0,123.0,57.0,60.0,83.0,86.0,551,84.5,58.5,122.5,4.0,
PN9,3160.0,64.0,64.0,91.0,95.0,52.0,56.0,552,54.0,93.0,64.0,5.0,
PN9,3734.0,181.0,183.0,149.0,158.0,196.0,203.0,553,199.5,153.5,182.0,10.0,
PN9,1920.0,228.0,228.0,117.0,121.0,283.0,288.0,554,285.5,119.0,228.0,6.0,
PN9,9594.0,53.0,53.0,98.0,104.0,76.0,82.0,555,79.0,101.0,53.0,7.0,
PN9,6314.0,196.0,196.0,79.0,83.0,71.0,75.0,556,73.0,81.0,196.0,5.0,
PN9,869.0,57.0,58.0,142.0,147.0,81.0,85.0,557,83.0,144.5,57.5,6.0,
PN9,869.0,153.0,153.0,92.0,100.0,242.0,249.0,558,245.5,96.0,153.0,9.0,
PN9,869.0,158.0,158.0,165.0,168.0,94.0,97.0,559,95.5,166.5,158.0,4.0,
PN9,869.0,197.0,198.0,36.0,42.0,51.0,58.0,560,54.5,39.0,197.5,8.0,
PN9,3021.0,192.0,192.0,103.0,107.0,25.0,29.0,561,27.0,105.0,192.0,5.0,
PN9,7512.0,127.0,129.0,88.0,90.0,39.0,42.0,562,40.5,89.0,128.0,4.0,
PN9,9846.0,111.0,112.0,114.0,118.0,118.0,123.0,563,120.5,116.0,111.5,6.0,
PN9,2183.0,201.0,201.0,197.0,210.0,209.0,226.0,564,217.5,203.5,201.0,18.0,
PN9,1314.0,103.0,103.0,163.0,165.0,53.0,55.0,565,54.0,164.0,103.0,3.0,
PN9,2832.0,30.0,30.0,124.0,128.0,75.0,77.0,566,76.0,126.0,30.0,5.0,
PN9,6757.0,278.0,278.0,133.0,136.0,183.0,186.0,567,184.5,134.5,278.0,4.0,
PN9,9537.0,175.0,175.0,187.0,192.0,201.0,207.0,568,204.0,189.5,175.0,7.0,
PN9,8468.0,83.0,84.0,120.0,127.0,85.0,92.0,569,88.5,123.5,83.5,8.0,
PN9,1038.0,152.0,152.0,91.0,96.0,235.0,242.0,570,238.5,93.5,152.0,8.0,
PN9,978.0,28.0,28.0,147.0,154.0,88.0,93.0,571,90.5,150.5,28.0,8.0,
PN9,9676.0,36.0,36.0,109.0,113.0,191.0,196.0,572,193.5,111.0,36.0,6.0,
PN9,1471.0,69.0,69.0,127.0,130.0,27.0,30.0,573,28.5,128.5,69.0,4.0,
PN9,2443.0,15.0,15.0,100.0,107.0,83.0,90.0,574,86.5,103.5,15.0,8.0,
PN9,652.0,56.0,56.0,116.0,121.0,31.0,36.0,575,33.5,118.5,56.0,6.0,
PN9,652.0,75.0,75.0,139.0,144.0,164.0,168.0,576,166.0,141.5,75.0,6.0,
PN9,652.0,76.0,76.0,127.0,131.0,127.0,130.0,577,128.5,129.0,76.0,5.0,
PN9,652.0,83.0,84.0,83.0,88.0,42.0,47.0,578,44.5,85.5,83.5,6.0,
PN9,652.0,158.0,158.0,98.0,102.0,138.0,143.0,579,140.5,100.0,158.0,6.0,
PN9,652.0,169.0,171.0,153.0,158.0,189.0,194.0,580,191.5,155.5,170.0,6.0,
PN9,652.0,183.0,183.0,143.0,146.0,59.0,63.0,581,61.0,144.5,183.0,5.0,
PN9,652.0,183.0,184.0,55.0,61.0,68.0,72.0,582,70.0,58.0,183.5,7.0,
PN9,652.0,213.0,215.0,151.0,157.0,196.0,201.0,583,198.5,154.0,214.0,7.0,
PN9,652.0,218.0,220.0,130.0,136.0,217.0,222.0,584,219.5,133.0,219.0,7.0,
PN9,4914.0,164.0,164.0,84.0,87.0,39.0,42.0,585,40.5,85.5,164.0,4.0,
PN9,4693.0,28.0,28.0,76.0,81.0,120.0,125.0,586,122.5,78.5,28.0,6.0,
PN9,3259.0,119.0,119.0,94.0,98.0,197.0,201.0,587,199.0,96.0,119.0,5.0,
PN9,7616.0,210.0,217.0,72.0,95.0,2.0,19.0,588,10.5,83.5,213.5,24.0,
PN9,8384.0,80.0,80.0,158.0,162.0,171.0,175.0,589,173.0,160.0,80.0,5.0,
PN9,8384.0,104.0,104.0,133.0,140.0,65.0,72.0,590,68.5,136.5,104.0,8.0,
PN9,4152.0,107.0,107.0,133.0,137.0,163.0,167.0,591,165.0,135.0,107.0,5.0,
PN9,625.0,205.0,205.0,139.0,145.0,215.0,222.0,592,218.5,142.0,205.0,8.0,
PN9,1017.0,243.0,243.0,105.0,110.0,274.0,279.0,593,276.5,107.5,243.0,6.0,
PN9,7445.0,162.0,162.0,45.0,49.0,26.0,30.0,594,28.0,47.0,162.0,5.0,
PN9,1008.0,52.0,53.0,128.0,136.0,193.0,201.0,595,197.0,132.0,52.5,9.0,
PN9,9330.0,40.0,40.0,82.0,87.0,175.0,180.0,596,177.5,84.5,40.0,6.0,
PN9,1221.0,92.0,94.0,126.0,129.0,62.0,65.0,597,63.5,127.5,93.0,4.0,
PN9,9544.0,55.0,55.0,76.0,79.0,173.0,176.0,598,174.5,77.5,55.0,4.0,
PN9,1005.0,195.0,195.0,28.0,32.0,81.0,84.0,599,82.5,30.0,195.0,5.0,
PN9,306.0,105.0,105.0,81.0,84.0,60.0,63.0,600,61.5,82.5,105.0,4.0,
PN9,306.0,139.0,140.0,101.0,108.0,216.0,224.0,601,220.0,104.5,139.5,9.0,
PN9,306.0,145.0,146.0,74.0,78.0,217.0,221.0,602,219.0,76.0,145.5,5.0,
PN9,9359.0,154.0,154.0,185.0,190.0,71.0,76.0,603,73.5,187.5,154.0,6.0,
PN9,1263.0,136.0,136.0,138.0,141.0,204.0,207.0,604,205.5,139.5,136.0,4.0,
PN9,2612.0,145.0,145.0,145.0,151.0,169.0,174.0,605,171.5,148.0,145.0,7.0,
PN9,3706.0,25.0,28.0,139.0,149.0,193.0,205.0,606,199.0,144.0,26.5,13.0,
PN9,3706.0,120.0,121.0,143.0,150.0,203.0,209.0,607,206.0,146.5,120.5,8.0,
PN9,2633.0,219.0,219.0,140.0,146.0,14.0,25.0,608,19.5,143.0,219.0,12.0,
PN9,2041.0,56.0,56.0,168.0,173.0,173.0,177.0,609,175.0,170.5,56.0,6.0,
PN9,2041.0,84.0,85.0,142.0,147.0,260.0,266.0,610,263.0,144.5,84.5,7.0,
PN9,2041.0,101.0,104.0,200.0,206.0,218.0,224.0,611,221.0,203.0,102.5,7.0,
PN9,2041.0,172.0,174.0,133.0,139.0,260.0,267.0,612,263.5,136.0,173.0,8.0,
PN9,4838.0,58.0,58.0,129.0,134.0,59.0,64.0,613,61.5,131.5,58.0,6.0,
PN9,4838.0,77.0,77.0,111.0,116.0,266.0,271.0,614,268.5,113.5,77.0,6.0,
PN9,4838.0,105.0,105.0,63.0,66.0,233.0,236.0,615,234.5,64.5,105.0,4.0,
PN9,4838.0,110.0,111.0,153.0,160.0,248.0,257.0,616,252.5,156.5,110.5,10.0,
PN9,4838.0,120.0,120.0,83.0,88.0,223.0,228.0,617,225.5,85.5,120.0,6.0,
PN9,4838.0,141.0,203.0,9.0,73.0,107.0,160.0,618,133.5,41.0,172.0,65.0,
PN9,4838.0,176.0,176.0,181.0,186.0,65.0,70.0,619,67.5,183.5,176.0,6.0,
PN9,1058.0,24.0,24.0,112.0,116.0,108.0,112.0,620,110.0,114.0,24.0,5.0,
PN9,3797.0,135.0,135.0,163.0,168.0,38.0,43.0,621,40.5,165.5,135.0,6.0,
PN9,2732.0,112.0,112.0,158.0,162.0,61.0,65.0,622,63.0,160.0,112.0,5.0,
PN9,9438.0,163.0,163.0,150.0,154.0,28.0,33.0,623,30.5,152.0,163.0,6.0,
PN9,7142.0,59.0,59.0,144.0,149.0,219.0,223.0,624,221.0,146.5,59.0,6.0,
PN9,3083.0,84.0,84.0,145.0,149.0,51.0,55.0,625,53.0,147.0,84.0,5.0,
PN9,6256.0,217.0,217.0,52.0,56.0,221.0,225.0,626,223.0,54.0,217.0,5.0,
PN9,1103.0,98.0,98.0,159.0,162.0,78.0,81.0,627,79.5,160.5,98.0,4.0,
PN9,1618.0,219.0,219.0,81.0,84.0,30.0,33.0,628,31.5,82.5,219.0,4.0,
PN9,2574.0,264.0,264.0,155.0,158.0,200.0,203.0,629,201.5,156.5,264.0,4.0,
PN9,2574.0,265.0,265.0,154.0,157.0,199.0,202.0,630,200.5,155.5,265.0,4.0,
PN9,7148.0,256.0,256.0,157.0,160.0,190.0,193.0,631,191.5,158.5,256.0,4.0,
PN9,1398.0,264.0,264.0,123.0,127.0,238.0,242.0,632,240.0,125.0,264.0,5.0,
PN9,3719.0,52.0,52.0,135.0,140.0,38.0,43.0,633,40.5,137.5,52.0,6.0,
PN9,3719.0,77.0,77.0,144.0,150.0,159.0,164.0,634,161.5,147.0,77.0,7.0,
PN9,3719.0,89.0,90.0,132.0,137.0,186.0,191.0,635,188.5,134.5,89.5,6.0,
PN9,3719.0,118.0,119.0,27.0,35.0,44.0,50.0,636,47.0,31.0,118.5,9.0,
PN9,3719.0,173.0,174.0,100.0,108.0,61.0,69.0,637,65.0,104.0,173.5,9.0,
histopathology,34.0,27.0,35.0,161.0,196.0,64.0,109.0,0,86.5,178.5,31.0,46.0,
